id;name;description;show_time
1;monitor 1080p Checking Account;world-class Frozen IB;2019-06-15T15:57:48
2;archive Fantastic Plastic Chicken;payment;2019-06-15T16:43:53
3;tangible Mississippi;Frozen bus;2019-06-15T12:39:50
4;Idaho compress Avon;system Small;2019-06-15T20:22:42
5;red;withdrawal knowledge base Buckinghamshire;2019-06-15T09:08:28
6;Phased;Saint Lucia white;2019-06-15T08:17:39
7;Money Market Account;Salad Web virtual;2019-06-15T15:43:15
8;RSS;mint green e-business EXE;2019-06-15T23:08:18
9;Fresh granular Direct;Profit-focused;2019-06-15T20:40:19
10;copying;ability Hat Iraq;2019-06-15T19:17:12
